﻿<?xml version="1.0" encoding="utf-8" standalone="no"?>
<manifest identifier="Test" version="1.3" xmlns="http://www.imsglobal.org/xsd/imscp_v1p1" xmlns:adlcp="http://www.adlnet.org/xsd/adlcp_v1p3" xmlns:adlseq="http://www.adlnet.org/xsd/adlseq_v1p3" xmlns:adlnav="http://www.adlnet.org/xsd/adlnav_v1p3" xmlns:imsss="http://www.imsglobal.org/xsd/imsss" xmlns:xsi="http://www.w3.org/2001/XMLSchema-instance" xsi:schemaLocation="http://www.imsglobal.org/xsd/imscp_v1p1 imscp_v1p1.xsd
                        http://www.adlnet.org/xsd/adlcp_v1p3 adlcp_v1p3.xsd
                        http://www.adlnet.org/xsd/adlseq_v1p3 adlseq_v1p3.xsd
                        http://www.adlnet.org/xsd/adlnav_v1p3 adlnav_v1p3.xsd
                        http://www.imsglobal.org/xsd/imsss imsss_v1p0.xsd">
  <metadata>
    <schema>ADL SCORM</schema>
    <schemaversion>CAM 1.3</schemaversion>
    <adlcp:location>metadata.xml</adlcp:location>
  </metadata>
  <organizations default="Test_ORG">
    <organization identifier="Test_ORG" adlseq:objectivesGlobalToSystem="false">
      <title>Test</title>
      <item identifier="Test_SCO" identifierref="_Test_RES" isvisible="true">
        <title>Test</title>
      </item>
      <metadata>
        <adlcp:location>metadata.xml</adlcp:location>
      </metadata>
      <imsss:sequencing>
        <imsss:controlMode choice="true" flow="true" />
        <imsss:deliveryControls tracked="true" completionSetByContent="false" objectiveSetByContent="false" />
      </imsss:sequencing>
    </organization>
  </organizations>
  <resources>
    <resource identifier="_Test_RES" type="webcontent" adlcp:scormType="sco" href="index_lms.html">
      <file href="story_content/thumbnail.jpg" />
      <file href="story_content/video_6nH5vVyFJQ2_18_128_1920x1080.mp4" />
      <file href="mobile/poster_6GAnZWES5cs_video_6nH5vVyFJQ2_18_128_1920x1080.jpg" />
      <file href="mobile/6hZwAHEcsVm.png" />
      <file href="mobile/6kKmSKl6UM6.png" />
      <file href="mobile/6PFuBVqsnmu.png" />
      <file href="mobile/5uZgYSZc7yA.png" />
      <file href="mobile/6kLE95vwEbC.png" />
      <file href="mobile/6qFSYfG4jzv.png" />
      <file href="mobile/6q4oGtOeBHu.png" />
      <file href="mobile/6evKEGgpPhP.png" />
      <file href="mobile/5XO2RzR5HSS.png" />
      <file href="mobile/5sbTyyjShpU.png" />
      <file href="mobile/5ab1yPOepFJ.png" />
      <file href="story_content/5crCBp27HOJ_44100_128_0.mp3" />
      <file href="story_content/5zBmGnLynyu_captions.js" />
      <file href="mobile/5vBhEA2w5e3.jpg" />
      <file href="mobile/6M1GlbPuAKA.png" />
      <file href="mobile/66jKln5OrMk.png" />
      <file href="story_content/6hKGjFtb7Sz_44100_128_0.mp3" />
      <file href="story_content/5maTkqETo2d_captions.js" />
      <file href="mobile/6lYbVrn4d2B.png" />
      <file href="story_content/6FB8D3SFNqq_44100_128_0.mp3" />
      <file href="story_content/5uPUeTxw8aG_captions.js" />
      <file href="mobile/6pSrtfQixzo.png" />
      <file href="mobile/5dgluKdCU79.png" />
      <file href="mobile/6KPdj8jJIj3.png" />
      <file href="mobile/5WLlQ4N6rM9.png" />
      <file href="mobile/5uY6cgJvrkU.png" />
      <file href="mobile/5fETCh96h1Q.png" />
      <file href="mobile/5rJvP1kJRSG.png" />
      <file href="mobile/5h7tC4ADdq3.png" />
      <file href="mobile/6JCfMJMEr9E.png" />
      <file href="mobile/6eymLAUPZ94.png" />
      <file href="mobile/6GeO4NI9q6Y.png" />
      <file href="mobile/6jn5zpIX5xX.png" />
      <file href="mobile/62AsEGKSdGH.png" />
      <file href="mobile/5nWMVCH5rxB.png" />
      <file href="mobile/65FgnDQOpaE.png" />
      <file href="mobile/6CpdvWD41Pi.png" />
      <file href="mobile/655kJXbMayI.png" />
      <file href="mobile/6R2F8sJAyR1.png" />
      <file href="story_content/5g06l1u8AFI_44100_128_0.mp3" />
      <file href="story_content/5h0onDdsiI9_captions.js" />
      <file href="mobile/6jsBeKSMbU2.png" />
      <file href="mobile/6gm6wMZ2AfH.png" />
      <file href="mobile/5uhZye43WQk.png" />
      <file href="story_content/6mpUBwrZXTi_44100_128_0.mp3" />
      <file href="story_content/6SD76hGZf94_captions.js" />
      <file href="story_content/video_6HWVDEY5ETp_18_128_1920x880.mp4" />
      <file href="mobile/poster_6U2oBNTQihb_video_6HWVDEY5ETp_18_128_1920x880.jpg" />
      <file href="mobile/6XRtcVg1sEX.png" />
      <file href="mobile/5eimpyBr9JU.png" />
      <file href="mobile/6OeUvSYmQEF.png" />
      <file href="story_content/6SUqdVjguTu_44100_128_0.mp3" />
      <file href="story_content/5Vpkev4Inct_captions.js" />
      <file href="mobile/6fbEK2EGdCS.png" />
      <file href="mobile/6q6Z0jUH3sb_P_0_0_234_256.png" />
      <file href="mobile/5VNR3q9lOoH.png" />
      <file href="story_content/5f5guqXdpPE_44100_128_0.mp3" />
      <file href="story_content/6lnwQDlVHVH_captions.js" />
      <file href="mobile/6q6Z0jUH3sb.png" />
      <file href="story_content/62VWKFP5rkx_44100_128_0.mp3" />
      <file href="story_content/6Hb42h9Wr4C_captions.js" />
      <file href="mobile/60WtnnUnOwe.png" />
      <file href="story_content/5w6eq1C1goT_44100_128_0.mp3" />
      <file href="story_content/6g9L7EvAeSR_captions.js" />
      <file href="mobile/6MMfej02Zxx.png" />
      <file href="story_content/6PV76cOZU8o_44100_128_0.mp3" />
      <file href="story_content/6Usv7ngQpfg_captions.js" />
      <file href="story_content/video_62SkSUeGlja_18_128_1920x880.mp4" />
      <file href="mobile/5uA4l8YgmFi.png" />
      <file href="mobile/5bYYgJoKpae.png" />
      <file href="mobile/5ltXAMfJZ0w.png" />
      <file href="mobile/6cOfKELTkd8.png" />
      <file href="mobile/5y9udglCWvF.png" />
      <file href="mobile/6PogB3f0lzb.png" />
      <file href="mobile/5fSEUysZEqh.png" />
      <file href="mobile/6cR0etUKFow.png" />
      <file href="mobile/6cI8blfxOZA.png" />
      <file href="meta.xml" />
      <file href="story_content/user.js" />
      <file href="html5/data/css/output.min.css" />
      <file href="html5/data/js/5f4FZ3jHUYB.js" />
      <file href="html5/data/js/5ub1nYa9Rxu.js" />
      <file href="html5/data/js/5Ur8rL128Dt.js" />
      <file href="html5/data/js/5v66F5UyhC0.js" />
      <file href="html5/data/js/6CFlWhsJArb.js" />
      <file href="html5/data/js/6cmx9yQJJOO.js" />
      <file href="html5/data/js/6e5IJNZ8EBi.js" />
      <file href="html5/data/js/6fJUr3zbNC8.js" />
      <file href="html5/data/js/6FpojkE1Mlk.js" />
      <file href="html5/data/js/6h37nftK0Ya.js" />
      <file href="html5/data/js/6if1dx7JFkk.js" />
      <file href="html5/data/js/6L4HuXhLnbJ.js" />
      <file href="html5/data/js/6LUeBKZ2FlJ.js" />
      <file href="html5/data/js/6NEMklQmgDt.js" />
      <file href="html5/data/js/6PYTyMAZXnn.js" />
      <file href="html5/data/js/6UWhadqsdpM.js" />
      <file href="html5/data/js/6Z0Ecc7zCUm.js" />
      <file href="html5/data/js/6ZuVFWs9AxB.js" />
      <file href="html5/data/js/data.js" />
      <file href="html5/data/js/frame.js" />
      <file href="html5/data/js/paths.js" />
      <file href="html5/lib/hls/hls.min.js" />
      <file href="html5/lib/scripts/bootstrapper.min.js" />
      <file href="html5/lib/scripts/frame.desktop.min.js" />
      <file href="html5/lib/scripts/frame.mobile.min.js" />
      <file href="html5/lib/scripts/slides.min.js" />
      <file href="html5/lib/stylesheets/desktop.min.css" />
      <file href="html5/lib/stylesheets/mobile.min.css" />
      <file href="html5/lib/stylesheets/mobile-fonts/open-sans-bold.woff" />
      <file href="html5/lib/stylesheets/mobile-fonts/open-sans-light.woff" />
      <file href="html5/lib/stylesheets/mobile-fonts/open-sans-regular.woff" />
      <file href="analytics-frame.html" />
      <file href="story.html" />
      <file href="index_lms.html" />
      <file href="lms/AICCComm.html" />
      <file href="lms/blank.html" />
      <file href="lms/browsersniff.js" />
      <file href="lms/goodbye.html" />
      <file href="lms/scormdriver.js" />
    </resource>
  </resources>
</manifest>